text,token_count,noun_count,verb_count,adj_count,adv_count,pron_count,det_count,other_count,sentiment_score,polarity_score,is_bot_annotation
Mr beast you again challenge the zalmi on astola island in 100 hours,13,4,1,0,1,3,2,2,0.247945,0.008561,0
I love u mrbeast[e][e][e][e],5,0,1,0,0,3,0,1,0.975955,0.736571,1
the like.......,3,0,0,0,0,0,1,2,-0.084698,-0.324082,1
I am from Bangladesh[e],5,0,1,0,0,2,0,2,0.064978,-0.174406,1
I want in show,4,1,1,0,0,1,0,1,0.204674,-0.03471,1
Mrbeast give me some money plssssssss[e][e][e][e][e][e],7,1,2,0,0,2,1,1,0.489496,0.250112,1
Give me one chance,4,1,1,0,0,1,1,0,0.485909,0.246525,1
Your challenge accepted Mr.Beast,5,1,1,0,0,3,0,0,0.735134,0.49575,1
darius have a lot of chans his black for africa,10,3,1,0,0,3,1,2,0.076689,-0.162695,0
Yeah,1,0,0,0,0,0,0,1,0.401566,0.162182,1
Day 10 of asking to be in a video,9,2,2,0,0,0,2,3,-0.033655,-0.273039,1
Yes but dont make it too dangerous,8,0,2,1,1,1,0,3,-0.303858,-0.543242,1
Help me please,3,0,1,0,0,1,0,1,0.430884,0.1915,1
its like moana but better,5,1,0,1,1,1,0,1,0.629017,0.389633,0
Anybody wanna talk,3,1,1,0,0,1,0,0,0.018344,-0.22104,1
Insane...,2,0,0,0,0,1,0,1,-0.342839,-0.582223,1
Superfr,1,1,0,0,0,0,0,0,0.439006,0.199622,1
Halo,1,1,0,0,0,0,0,0,0.297876,0.058492,1
Need i phone,3,0,2,0,0,1,0,0,0.133685,-0.105699,1
If it weren't for Darius we would never have seen Mr. Beast again.,15,0,4,0,2,5,0,4,-0.666149,-0.905533,0
Miss the videos like this I feel like jimmy has gotten too focused on the giving money away rather than just doing challenges with the boys like the good ole times looking forward to more of these,37,6,7,3,5,4,4,8,0.083442,-0.155942,0
Please 10k subscribers complete Mr beast fan[e][e][e],8,3,0,1,0,2,0,2,0.641659,0.402275,1
Safelyest lighting a fire [e],7,1,1,1,0,0,1,3,0.016288,-0.223096,0
Videos never disappointing [e] Also Enhypen is 7 [e],13,1,2,0,2,1,1,6,0.595913,0.356529,0
bros getting these ideas from rblx[e] I swear next video gonna be surviving 99 nights in a forest [e],23,6,4,1,0,1,3,8,-0.115873,-0.355257,0
Lesson of this video: throw trash in the ocean because it might help mrbeast [e][e][e],18,3,4,0,0,2,3,6,0.039824,-0.19956,0
[e][e][e],3,0,0,0,0,0,0,3,-0.039345,-0.278729,1
W Darious,2,0,0,0,0,2,0,0,-0.212036,-0.45142,0
Whose missing karl[e],4,1,1,0,0,0,1,1,-0.079171,-0.318555,0
if you pin me i will sub your all chanel,10,1,3,0,0,4,1,1,0.241307,0.001923,1
From Bangladesh [e][e],5,1,0,0,0,1,0,3,0.015296,-0.224088,1
How can I join the next challenge please [e],11,1,2,1,0,1,1,5,0.122398,-0.116986,1
So the plan was to rely on the possibility of finding barrels in the trash which might have ended up on the island? hmm,25,5,6,0,1,1,4,8,-0.253932,-0.493316,0
OP!!!,4,1,0,0,0,0,0,3,0.680142,0.440758,1
Are you going,3,0,2,0,0,1,0,0,0.062556,-0.176828,1
u do a lot more and to melt plastic it needs to go strait to the fire,17,3,4,2,0,2,2,4,-0.254301,-0.493685,0
Hi Mr beast 2026,4,1,0,0,0,1,1,1,0.450831,0.211447,1
lDoNT NO,2,1,0,0,0,1,0,0,-0.397619,-0.637003,1
Mrbeast pls 1000$,4,0,0,0,0,1,1,2,0.27325,0.033866,1
bro whats goingon your views are hnnnnn,8,2,3,1,0,2,0,0,-0.606881,-0.846265,1
Mr beast you have 150M subscriber I have subscribed you please give me I phone please my dreams complete I am form India Up Mathura banana awa khera[e],30,5,5,2,0,12,2,4,0.879738,0.640354,1
Yes!!!,4,0,0,0,0,0,0,4,0.832464,0.59308,1
Bro more videos want,4,2,1,1,0,0,0,0,0.392846,0.153462,1
WHY DID THEY NEED A SAIL?,7,0,2,0,0,2,1,2,-0.647588,-0.886972,0
I Lived in pakistand But i watched mr beast vlog bcz Mr beast is best vlogger and youtuber [e],21,5,4,1,0,5,0,6,0.93733,0.697946,1
Hello i am from Greece and i think its a very good idea to do a chalenge/ Survival n Creta. Its verry beautiful we are waiting you [e][e] Ps: maybe I could help ( I am 12 years old) I have special abilites and I could help you see the place [e][e],59,6,13,4,2,16,5,13,0.972201,0.732817,1
Camera man and that other person that came as a guide i forgot his name they literally carried mr beast and his team,23,7,3,1,1,6,2,3,0.517525,0.278141,0
[e] Don't warry but [e],10,0,2,0,0,0,0,8,-0.078969,-0.318353,1
Find myself,2,0,1,0,0,1,0,0,0.173713,-0.065671,1
I want to join,4,0,2,0,0,1,0,1,0.407227,0.167843,1
Darius deffo got a raise after this,7,2,1,0,0,2,1,1,0.680191,0.440807,1
Come in India and meet me,6,0,2,0,0,2,0,2,0.314201,0.074817,1
yes,1,0,0,0,0,0,0,1,0.377813,0.138429,1
Do my challeng stay for 24 hour on the most dangerous island plssssss,13,4,2,1,1,1,2,2,-0.858524,-1.097908,1
i hope to see DARRIUS in the next video,9,2,2,1,0,1,1,2,0.865581,0.626197,0
Why do I feel defeated and want to cry? Darius really did his absolute best Better luck next time guys [e],24,3,6,4,1,3,0,7,-0.235362,-0.474746,0
this video totally screpted,4,1,1,0,1,0,1,0,0.093213,-0.146171,0
Yes go with boys and adventure and videos,8,3,1,0,0,0,0,4,0.345788,0.106404,0
Where is the karl,4,1,1,0,0,0,1,1,-0.335971,-0.575355,0
Big fan,2,1,0,1,0,0,0,0,0.876016,0.636632,0
Hii mrBeast [e] Cameraman good done [e],11,1,2,1,1,0,0,6,0.907187,0.667803,1
Cameraman never dies  Bring him out more,7,1,2,0,2,1,0,1,0.484078,0.244694,0
Darius the goat if he's in the video in the next episode that'd would be bangers.,19,4,4,1,0,3,3,4,0.924022,0.684638,0
Please give me an iPhone too MrBeast. I am from India.,13,0,2,0,1,5,1,4,0.756086,0.516702,1
Build a boat refrence,4,2,1,0,0,0,1,0,-0.07725,-0.316634,0
[e]jxu,2,0,0,0,0,0,1,1,-0.020615,-0.259999,1
[e],3,0,0,0,0,0,0,3,0.092695,-0.146689,1
You are best in the world mr beast[e],9,1,1,1,0,3,1,2,0.96379,0.724406,1
[e][e][e],3,0,0,0,0,0,0,3,-0.039345,-0.278729,1
Darius is the goat man he carried,7,1,2,0,0,3,1,0,0.927605,0.688221,0
@ @@@@,2,0,0,0,0,0,0,2,-0.022129,-0.261513,1
What about trying it with bigger boat...,8,1,1,1,0,2,0,3,0.053232,-0.186152,0
Brother come in india[e][e],5,2,1,0,0,0,0,2,0.181092,-0.058292,1
MrBeast is the best Youtuber in the history ! He changes the world ! Go go go MrBeast ! [e],22,2,5,1,0,4,3,7,0.983252,0.743868,1
GIMMEH MY COOKIE,3,0,0,0,0,3,0,0,0.243767,0.004383,0
Mr. Beast noted it correctly.,6,0,1,0,1,3,0,1,0.647685,0.408301,0
Overacting,1,0,1,0,0,0,0,0,-0.159953,-0.399337,0
The camera man is going crazy,6,2,2,1,0,0,1,0,0.455716,0.216332,0
good,1,0,0,1,0,0,0,0,0.580132,0.340748,1
24:18 yeah that's fake,5,0,1,1,0,1,1,1,-0.648273,-0.887657,0
I am from nepal and i also want to play one game [e],15,1,3,1,1,2,1,6,0.252116,0.012732,0
I'm new subscriber[e] for your channel [e]bro[e][e],11,1,1,1,0,3,1,4,0.583775,0.344391,0
My name is Komal and I am from a very poor family in India. My parents are laborers and our home is made of mud. Life is difficult but I have one dream  to study and change my familys future. I want to learn and become something in life but I cannot afford coaching or proper study resources. Still I try every day with hope in my heart. I humbly request a little support for my education. Even a small help can change my life and bring happiness to my parents who work very hard every day. Thank you for reading my message and for spreading kindness in the world.  Komal India,121,26,24,5,6,22,7,31,-0.401544,-0.640928,1
I love Darius the cameraman  He should join more video  Inshallah,11,2,3,1,0,4,1,0,0.977963,0.738579,0
Fallow me,2,0,1,0,0,1,0,0,0.19116,-0.048224,1
[e][e][e]Hello MrBeast I truly take no pleasure in having to say this to you but I am currently going through a very difficult time. I am in the 6th grade and my school fees are extremely high. My father is the sole earning member of our family and he struggles to manage our household expenses. I also have a sister who attends school and her fees must be paid as well. We don't even own a home of our own; we live in a rented house. My father earns just $117 out of which he has to pay my sister's and my school fees; consequently there is hardly any money left for us to afford decent food or clothing. We don't even have enough money to buy a vehicle. If you wouldn't mindplease please pleasecould you donate a little money to me? If you do this I will be able to continue my education; otherwise I will be forced to drop out of school. Thank you. And please do reply to me.,192,27,43,10,13,35,11,53,-0.802995,-1.042379,1
Mrbeast love your videos I'm in need,8,2,2,0,0,3,0,1,0.960287,0.720903,1
mr best why you got a fake birb,8,1,1,1,1,2,1,1,-0.500502,-0.739886,0
Dude darious is so cool he should definitely join more challenges!,12,1,4,3,2,1,0,1,0.977701,0.738317,0
Mr. Beast can you give me 10000$,8,0,2,0,0,4,1,1,0.54256,0.303176,1
[e][e][e][e][e][e][e][e][e],3,1,0,0,0,0,0,2,0.013888,-0.225496,1
The way they werent paddling in unison was driving me nuts,12,2,4,0,0,3,1,2,-0.753005,-0.992389,0
The video is incomplete without saying about nolan's mom[e][e],11,2,2,1,0,1,1,4,-0.79187,-1.031254,0
Guys these blue [e] drums were bring here by Mr beast only as you can see in starting the same blue can they carring water in them. So how can a big blue drum can came on an island,42,7,10,4,3,4,4,10,-0.165332,-0.404716,1
[e][e][e],3,0,0,0,0,0,0,3,-0.039345,-0.278729,1
Sona [e],4,0,0,0,0,1,0,3,0.020098,-0.219286,1
[e],3,0,0,0,0,0,0,3,0.092695,-0.146689,1
Nice [e],4,0,0,1,0,0,0,3,0.941641,0.702257,1
I was here in 2026 watching this,7,0,2,0,1,2,1,1,0.141122,-0.098262,1
Yess missed chandler and Im so proud of everyone. This was an awesome video,16,2,3,2,1,4,1,3,0.986755,0.747371,0
But where is Wilson ?,5,0,1,0,0,1,0,3,-0.110771,-0.350155,0
Please [e][e][e],4,0,0,0,0,0,0,4,0.328443,0.089059,1
Mrbeast can you give me 10000 thousand dollars [e] please,12,1,2,0,0,3,2,4,0.580538,0.341154,1
How did you all not have any life jackets?,10,2,2,0,0,2,1,3,-0.570471,-0.809855,0
Am from india,3,0,1,0,0,1,0,1,0.197879,-0.041505,1
Darius deserves appreciation,3,1,1,0,0,1,0,0,0.749438,0.510054,0
I have been a subscriber from long time[e][e] but I still didn't get any gift from u [e][e],22,4,4,1,1,3,2,7,-0.692207,-0.931591,1
Yes [e] beast,5,1,0,0,0,0,0,4,0.195112,-0.044272,1
I went into coma to see if there were any comments about Epshti Island.,15,2,3,0,0,4,1,5,-0.339251,-0.578635,0
honestly I like the videos with people competing for something,10,2,2,0,1,2,1,2,0.719769,0.480385,0
Until you find a way make your own path.[e],10,2,2,1,0,2,1,2,0.047534,-0.19185,0
Vote For  Darious Deffo back,5,1,1,1,1,0,0,1,0.302344,0.06296,0
mistebis,1,0,0,0,0,1,0,0,-0.110707,-0.350091,1
Bro you just stole the video,6,2,1,0,1,1,1,0,-0.792385,-1.031769,0
Darius did all the hard work hats off bro,9,1,2,1,0,2,2,1,0.907836,0.668452,0
feels like a mr beast video again! and Darius we see you[e][e],14,3,2,0,1,3,1,4,0.861267,0.621883,0
El Quatro,2,0,0,0,0,2,0,0,0.102982,-0.136402,1
I watch your videos all the time and you don't help me at all. Time.      $500 help me [e][e] [e][e][e][e][e][e],28,3,4,0,2,6,3,10,-0.927144,-1.166528,1
better luck next time,4,2,0,2,0,0,0,0,0.836742,0.597358,0
Hlo,1,0,1,0,0,0,0,0,0.389108,0.149724,1
Where is tareq ? We miss him in this video,10,2,2,0,0,2,1,3,-0.092321,-0.331705,0
Im sooo missed for video like this [e][e] New videos fells like... tv show and thats makes me sad. But this video.. i love it. (Sorry for mistakes my English very bad haha),43,9,6,3,1,8,1,15,0.210671,-0.028713,0
Mr Beast Always great[e],5,0,0,0,2,2,0,1,0.977752,0.738368,1
Hello sir I am from India I need your help please help me .,14,2,3,0,0,5,0,4,0.538894,0.29951,1
SUBSCRIBE [e][e][e],4,0,0,0,0,1,0,3,0.220121,-0.019263,1
W dairus [e],5,1,0,0,0,1,0,3,0.019434,-0.21995,0
You can do this come on[e],7,0,3,0,0,3,0,1,0.915659,0.676275,0
[e][e][e],3,0,0,0,0,0,0,3,-0.039345,-0.278729,1
W darius in the replies!!!,8,2,0,0,0,1,1,4,0.270667,0.031283,0
Most of the video was scavenging for scrap to build a boat? Welcome to the Rust Deep Sea update...,21,4,4,1,0,3,3,6,0.052601,-0.186783,0
Bro u should make Darius show more in the videos,10,3,3,1,0,1,1,1,0.063017,-0.176367,0
Where is Carl?,4,0,1,0,0,1,0,2,-0.101906,-0.34129,0
Mr beast gimme some money i am kinda poor,9,3,1,1,1,2,1,0,-0.417089,-0.656473,1
Yes,1,0,0,0,0,0,0,1,0.365616,0.126232,0
7:09 whos filming? If thats the cameraman?![e]  Edit:1 I didnt realise drones were a thing mb[e] wait but who was controlling it?,29,6,8,0,0,5,3,7,-0.172696,-0.41208,0
All was cooked,3,0,2,0,0,1,0,0,0.274129,0.034745,0
Why is the Indonesian dubbing sound different?,8,1,2,2,0,0,1,2,-0.299927,-0.539311,0
I hope u should take me the game i am big fan for u,14,3,4,1,0,4,1,1,0.960385,0.721001,1
MrBeast sir please give me 20k indian rupees. I took a loan but I am unable to pay it back. If you are seeing this comment please sir  help me. Please [e][e][e],37,6,7,2,0,7,2,13,-0.420923,-0.660307,1
Hello Mr. Beast I'm Ahmed Siddiq from Sudan. I have a challenge for you: buy an island in the Nile River and live on Sudanese food. If you don't mind could you participate in renovating my private secondary school Bahri Model School by distributing everything the students need? Do some challenges and please bring a translator with you as I don't speak English. I use text conversion.,76,9,16,3,0,21,6,21,0.196845,-0.042539,1
[e],3,0,0,0,0,0,0,3,0.092695,-0.146689,1
Who 67,2,0,0,0,0,1,1,0,0.130264,-0.10912,1
Hi MrBeast My name is Ace from the Philippines. I know you receive millions of messages but Im hoping somehow this one reaches you. Last month my father passed away after a road accident. He was 62 years old and the main provider for our family. Losing him has been the hardest moment of our lives. Aside from the pain of losing him we are now struggling to survive without his support. Right now I work as a driver for 1215 hours every day. But the car I drive is not mine. After paying the boundary and fuel I only bring home about 1000 a day. I keep pushing myself because my family depends on me. My biggest dream is simple: to own a 7-seater vehicle so I can work as a TNVS driver with my own unit. Something like a Hyundai Stargazer X Premium would completely change our lives. Instead of paying boundary every trip I drive would directly support my family. Im not asking for a luxury life. I just want the chance to work harder and build a stable future for the people who depend on me. Youve changed the lives of so many people around the world. If by any miracle you see this message it would mean everything to my family. Thank you for inspiring people like me to never give up. God bless you.,255,44,48,10,15,48,27,63,-0.103379,-0.342763,0
how did yall go to the bathroom,8,1,2,0,0,2,1,2,-0.227101,-0.466485,0
Yes,1,0,0,0,0,0,0,1,0.365616,0.126232,1
Hello Jimmy I am a 13-year-old boy living in the Sultanate of Oman [e]. I am one of your earliest followers and I just want to ask you to buy me an electric scooter because I need it to go to school. Please reply to me and dont ignore me [e],62,5,11,3,1,13,5,24,0.486994,0.24761,1
yes,1,0,0,0,0,0,0,1,0.377813,0.138429,1
Mrbest check airrock video that he escape the Island 2:28,10,2,2,1,0,3,2,0,0.179333,-0.060051,1
Bro it's not interesting when you're suffering. Make a video of yourself calling someone and they'll pass the test.,24,3,7,1,0,5,2,6,-0.914911,-1.154295,0
Mr beast please please   I'm from India Bihar gaya aliganj road no 16 please help me,17,2,2,0,0,7,2,4,0.313727,0.074343,0
[e][e][e][e],3,0,0,0,0,0,0,3,-0.04668,-0.286064,1
Hi I saw your content. I can help you reply to comments and messages in good English. I can also increase engagement. I can do a free trial if you want.,35,5,9,2,1,8,1,9,0.847801,0.608417,1
Yes,1,0,0,0,0,0,0,1,0.365616,0.126232,1
can you do a week on a snowy mountain?,10,2,2,1,0,1,2,2,-0.024479,-0.263863,1
I love you,3,0,1,0,0,2,0,0,0.841336,0.601952,1
W Darius,2,0,0,0,0,2,0,0,0.072129,-0.167255,1
Hi mr beast  I am your big fan  Bro my English is weak[e] But bro I am  your subscriber  I saw your all videos [e]  It is a really amazing [e]  To bro you can play a minecraft [e]  My id is - LEGEND1428557   and you will come In  India-gujrat-rajkot-jetpur  Please bro  and please you will give me a surprise kit [e][e]                     - Your subscriber                          DHRUMIL                  from jetpur [e].,88,14,14,2,1,23,4,30,0.942536,0.703152,1
Best[e][e],2,0,0,0,0,1,0,1,0.889236,0.649852,1
[e][e][e],3,0,0,0,0,0,0,3,-0.039345,-0.278729,1
Buensimo,1,1,0,0,0,0,0,0,0.063118,-0.176266,1
Darius didn't let em down...Darius the absolute goat,11,1,2,1,0,3,1,3,0.950868,0.711484,0
[e],3,0,0,0,0,0,0,3,0.092695,-0.146689,1
Like to see Darius again in this chanal vidios,9,1,1,1,1,1,1,3,0.551144,0.31176,0
You be Mac present at the next Al Jazeera video better,11,1,1,2,1,4,1,1,0.42918,0.189796,1
yessss,1,1,0,0,0,0,0,0,0.805615,0.566231,1
You be Mac present at the next Al Jazeera video better,11,1,1,2,1,4,1,1,0.42918,0.189796,1
Do again with me full experience,6,1,1,1,1,1,0,1,0.340815,0.101431,1
You be Mac present at the next Al Jazeera video better [e][e],14,2,1,3,0,4,1,3,0.677226,0.437842,1
You be Mac present at the next Al Jazeera video better [e][e],14,2,1,3,0,4,1,3,0.677226,0.437842,1
You be Mac present at the next Al Jazeera video better,11,1,1,2,1,4,1,1,0.42918,0.189796,1
29:07 You be Mac present at the next Al Jazeera video better,12,1,1,2,1,4,2,1,0.376826,0.137442,1
Yes man [e][e][e][e],5,1,0,0,0,0,0,4,0.672204,0.43282,1
Hi mr beast,3,1,0,0,0,1,0,1,0.244049,0.004665,1
If the sail had been made bigger the VAZ would have had a chance. [e][e],18,3,6,1,0,1,3,4,0.343081,0.103697,0
And I say it Dries truly won the hearts of the fans.,13,2,2,0,1,3,2,3,0.945764,0.70638,0
Hi mr beast come to rajasthan india in 45c normal temperature,11,1,1,1,0,4,1,3,0.347661,0.108277,1
Hay Mr beast I am your biggest fan please come or i come to your home come India [e] again please [e] I not have enough money to your country and please give promotion please,39,6,6,2,1,9,0,15,0.808299,0.568915,1
Dot  vary bro but you and your friends  tried it[e][e][e][e][e][e][e][e][e][e][e],11,3,1,1,0,3,0,3,0.084705,-0.154679,1
33:33,1,0,0,0,0,0,1,0,0.332323,0.092939,0
[e][e][e],3,0,0,0,0,0,0,3,-0.039345,-0.278729,1
[e][e][e],3,0,0,0,0,0,0,3,-0.039345,-0.278729,1
How [e][e],4,1,0,0,0,0,0,3,-0.028125,-0.267509,1
DARIUS SHOULD BE IN MAIN GROUP!!!!,10,1,2,0,0,2,0,5,0.690198,0.450814,0
mr beast help me,4,1,1,0,0,2,0,0,0.207866,-0.031518,1
smallest spider i ever saw jimmy,6,2,1,1,1,1,0,0,-0.063849,-0.303233,0
darious was the MVP on this game[e],8,1,1,1,0,1,2,2,0.91671,0.677326,0
You are getting old,4,0,2,1,0,1,0,0,-0.38697,-0.626354,0
First time seeing Nolan be serious,6,1,2,2,0,1,0,0,0.299247,0.059863,0
Omg,1,0,0,0,0,1,0,0,0.346757,0.107373,1
Why indonesian dubbing is change?,6,2,1,1,0,0,0,2,-0.230002,-0.469386,0
you ar g7bh,3,0,1,0,0,1,0,1,-0.062509,-0.301893,1
Mr beast plz help me some money 1881032040567 bank account [e][e][e],13,4,1,0,0,2,3,3,0.33723,0.097846,1
Is typeless a useful app? [e],9,2,1,1,0,0,1,4,0.186814,-0.05257,1
Wow great video [e][e][e][e],6,2,0,1,0,0,0,3,0.985558,0.746174,1
you are,2,0,1,0,0,1,0,0,0.275523,0.036139,1
If daruis is sitting with mr beast who recording it when they are eating,14,2,5,0,0,4,0,3,-0.004772,-0.244156,0
Hii  mrbeast please help me Give me $200000 I have been subscribed to you for 2 years; I have not received any gift till date [e] 0:01 0,32,3,8,0,1,5,5,10,-0.519335,-0.758719,1
Day 12 of asking mr beast to put me in a challeng,12,3,2,0,0,2,2,3,-0.153178,-0.392562,1
I like Mr Bean,4,0,1,0,0,3,0,0,0.823229,0.583845,1
Without Darius they would've died for sure,8,0,3,1,0,2,0,2,-0.829138,-1.068522,0
Was there another camera man,5,2,1,0,0,1,1,0,0.008071,-0.231313,0
Thanks for 350 subscribers Plzzzz keep Supporting nd Subscribe more [e][e],13,3,2,0,1,2,2,3,0.959438,0.720054,1
7:02 Another cameraman [e],6,1,0,0,0,0,2,3,0.031354,-0.20803,1
Rust,1,1,0,0,0,0,0,0,0.188276,-0.051108,1
Wow,1,0,0,0,0,0,0,1,0.635367,0.395983,1
I am Munna from Bangladesh,5,0,1,0,0,3,0,1,0.114813,-0.124571,1
Where is Carl now? [e],8,0,1,0,1,1,0,5,-0.020269,-0.259653,1
obbv fake as... wood is perfect cut lol,9,5,1,1,0,0,0,2,0.267345,0.027961,0
Thank you mrbeast for videos,5,1,1,1,0,1,0,1,0.968046,0.728662,0
Mr. Beast how could you steal an idea from Egor Shkred? You didn't respond to his video so you're also stealing,24,2,6,0,1,8,1,6,-0.86042,-1.099804,1
nice dogs,2,1,0,1,0,0,0,0,0.851774,0.61239,0
Straw hat pirates,3,3,0,0,0,0,0,0,-0.00682,-0.246204,0
I don't really like the current Indonesian dubbing I hope the dubbing will be changed to the original in the next video.,24,4,6,3,1,2,4,4,-0.926486,-1.16587,0
What you mean  your just a YouTuber building with nothing HOWW DID A BARREL SPAWNS ON THE FOREST like your building a boat and there's a random barrel spawned HOWWWW and you brought a tent ts ain't a survival mode this a vacation,45,11,7,1,1,11,8,6,-0.67413,-0.913514,0
mr beast actually participating in a challenge instead of putting other people through it [e],17,2,2,1,2,3,1,6,-0.068007,-0.307391,0
"0.3 miles away from the island... [e] This is a powerful reminder that were all just 0.3 miles away from our goals. Im putting 15 hours a day into my stories just to reach my own island one day! The grind never stops. Never giving up! [e][e]""",58,12,7,2,7,6,8,16,0.93542,0.696036,0
Who was doing the camera when Darius was working and everyone else was also in the frame?,18,2,5,0,2,3,2,4,0.010502,-0.228882,0
Who was doing the camera when Darius was working and everyone else was also in the frame?,18,2,5,0,2,3,2,4,0.010502,-0.228882,0
10k like on this and mr. Beast will buy me a pc,13,2,2,0,0,5,1,3,0.61278,0.373396,1
feels good to see MrBeast lose for a while,9,1,3,1,0,1,1,2,0.714839,0.475455,0
[e][e][e][e][e][e][e][e],3,1,0,0,0,0,0,2,0.007218,-0.232166,1
I would say Mr beast and his friend should have been in rhythm while paddling because it would have had more power in the turning and moving not sure tho,30,5,10,2,0,5,1,7,0.050659,-0.188725,0
Darius needs to be added to the main grp bro.,11,1,3,1,0,2,1,3,0.141558,-0.097826,0
raft in real life?,5,1,0,1,0,1,0,2,0.030805,-0.208579,0
This felt like Mr beast old videos [e],10,2,1,1,0,2,0,4,-0.189128,-0.428512,0
yew,1,0,0,0,0,1,0,0,0.154933,-0.084451,1
[e][e][e][e][e][e][e],3,0,0,0,0,1,0,2,-0.009699,-0.249083,0
Mr beast pleas no Arabic yes English pleas [e][e][e][e],11,4,0,2,0,2,0,3,0.058889,-0.180495,1
7:21,1,0,0,0,0,0,1,0,0.15555,-0.083834,0
This video is not real this video made by 3d animation SGI and vfx dudes,15,6,2,1,0,1,2,3,-0.821561,-1.060945,0
Why is the Indonesian voice so different from before?,10,1,1,2,2,0,1,3,-0.319395,-0.558779,0
Jimmy you got a new star cast and the whole audience cheering up for : Darius  First appearance and got everybody's attention and favour,25,6,3,3,0,4,2,7,0.928244,0.68886,0
Come to this house giving away free money ! 40 abernly schnapper rock road,14,4,2,2,1,0,2,3,0.674415,0.435031,1
uh because they like when we suffer. is soo truee [e][e],14,1,3,0,0,4,0,6,-0.219662,-0.459046,0
this video is best mr mest [e],9,1,1,1,0,2,1,3,0.977322,0.737938,1
Why is Jimmy's Indonesian dubbing so different from the usual one?[e],13,2,1,3,1,1,1,4,-0.394535,-0.633919,0
I am amit your YouTube channel life time subscriber  Your biggest fan [e][e],15,6,1,2,0,4,0,2,0.884645,0.645261,1
Far cry 3 survival skills would come in handy rn...,11,2,3,2,1,0,1,2,0.222034,-0.01735,0
[e][e][e][e][e],3,0,0,0,0,0,0,3,-0.041735,-0.281119,1
[e][e][e][e][e][e],3,0,0,0,0,0,0,3,-0.029133,-0.268517,1
i like this video  [e][e],7,2,1,0,0,1,1,2,0.97183,0.732446,1
Every time he was stuck[e][e][e][e],6,1,2,0,0,1,1,1,-0.567046,-0.80643,1
[e]a,2,0,0,0,0,0,0,2,-0.001212,-0.240596,1
Good[e],2,1,0,0,0,0,0,1,0.896263,0.656879,1
Darius in new Chandler now.  From janitor to part of the team,13,3,0,1,1,2,1,5,0.040579,-0.198805,0
bro Tom Hanks did this by him self and a ball,11,3,1,0,0,4,1,2,-0.019491,-0.258875,0
Jimmy Im ready to stay in a circle for 100 days or travel halfway across the world in 2 hours. I don't care about the money I just want to prove Im the most determined subscriber from India! [e] Give me one chance.,51,7,9,2,3,7,7,16,0.619019,0.379635,1
I don't like the sound now I want the old sound,12,2,3,1,1,2,2,1,-0.825194,-1.064578,0
[e],3,0,0,0,0,0,0,3,0.092695,-0.146689,0
I am from India please please please please please please please please please please please please please please mr beast take me in your vedio once,26,2,2,0,1,5,0,16,0.562109,0.322725,1
This feels like to good ol videos,7,1,1,2,0,1,0,2,0.041244,-0.19814,0
[e][e],3,1,0,0,0,0,0,2,-0.009305,-0.248689,1
Hi mr beast can you say hi ?,8,1,2,0,0,2,0,3,0.306055,0.066671,1
THEY BUILT A BOAT ARREST THEM[e][e][e],7,0,1,0,0,4,1,1,-0.614094,-0.853478,0
Plz make pistachio flavour in ur choclate,7,3,1,0,0,1,0,2,0.220244,-0.01914,0
Support me,2,0,1,0,0,1,0,0,0.589427,0.350043,1
Imagine they actually  had the boys boys scout. This would've been epic.,15,2,6,1,1,2,1,2,0.829867,0.590483,0
Do more.,3,0,1,1,0,0,0,1,0.276252,0.036868,1
Your voices are different,4,1,1,1,0,1,0,0,0.188885,-0.050499,0
Welcome to Youtuber's  V.S Wild [e],9,0,1,0,0,3,0,5,0.585592,0.346208,0
ima  huge fan mr beast!,8,1,0,1,0,5,0,1,0.968671,0.729287,1
[e][e][e][e],3,0,0,0,0,0,0,3,-0.04668,-0.286064,0
Hii Jimmy can you collab with my channel?,9,1,3,0,0,3,0,2,0.253085,0.013701,1
w-who the recording the cameraman?!,9,1,1,0,0,3,1,3,-0.457205,-0.696589,0
Finally mr beast is doing his own challeges again,9,2,2,1,2,2,0,0,0.590728,0.351344,0
Jimmi bro love from India [e][e][e][e][e][e][e][e][e],8,1,0,0,0,4,0,3,0.778767,0.539383,1
Where is the person who voiced Mr Beast?[e][e],9,1,2,0,0,3,1,2,-0.137938,-0.377322,0
[e][e][e],3,0,0,0,0,0,0,3,-0.039345,-0.278729,1
Where is the person who voiced Mr Beast?[e][e],9,1,2,0,0,3,1,2,-0.137938,-0.377322,0
The gemerz is fighting jaldi jakar search karo[e] please,10,1,2,0,0,4,1,2,-0.181349,-0.420733,1
Yes,1,0,0,0,0,0,0,1,0.365616,0.126232,1
Typeless,1,1,0,0,0,0,0,0,-0.391112,-0.630496,1
Darius should join more Of your vidss,7,1,2,1,0,2,0,1,0.28571,0.046326,0
Finally not some generic game show real og content,9,2,1,2,1,0,1,2,0.218119,-0.021265,0
Hi jimi love from Bangladesh [e][e][e][e][e][e],8,2,0,0,0,2,0,4,0.87272,0.633336,1
[e],3,0,0,0,0,0,0,3,0.092695,-0.146689,1
RESPECT,1,1,0,0,0,0,0,0,-0.133795,-0.373179,1
good,1,0,0,1,0,0,0,0,0.580132,0.340748,1
Darius was working [e][e] give hands for him,10,2,3,0,0,2,0,3,0.170237,-0.069147,0
Im gey,3,0,1,0,0,2,0,0,0.051641,-0.187743,1
Love you[e],3,2,0,0,0,0,0,1,0.942194,0.70281,0
Hide and seek please [e],7,0,2,0,0,0,0,5,0.049546,-0.189838,1
Haha Russian video blogger Yegorik has a video like this did you steal it?,15,3,3,1,0,5,1,2,-0.050286,-0.28967,1
You should have used light bamboo while making the baitha so as not to hurt your hands while driving the sail...[e],24,4,6,1,0,2,2,9,-0.134571,-0.373955,0
Jimmy clean the entire island[e],6,1,1,1,0,1,1,1,0.067076,-0.172308,0
[e][e][e][e][e],3,0,0,0,0,0,0,3,-0.041735,-0.281119,1
Waw,1,1,0,0,0,0,0,0,0.204735,-0.034649,1
Your are very Darefull [e],7,0,1,1,1,1,0,3,0.902907,0.663523,1
[e],3,0,0,0,0,0,0,3,0.092695,-0.146689,1
hey jimmy can you please get me on the same challange in other vedio please,15,3,2,2,0,3,1,4,0.178293,-0.061091,1
[e][e][e],3,0,0,0,0,0,0,3,-0.039345,-0.278729,1
W darious,2,1,0,1,0,0,0,0,-0.028754,-0.268138,0
Yea do more challenges but you didn't show what you guys eat and hase doesn't do paddling,19,2,8,1,0,3,0,5,-0.624389,-0.863773,0
Very boring video,3,1,0,1,1,0,0,0,-0.808748,-1.048132,1
If you had 5 Darius yall would have for sure made it! That man did not stop the whole time!,23,2,6,2,0,5,3,5,0.686882,0.447498,0
[e],3,0,0,0,0,0,0,3,0.092695,-0.146689,1
do this again with mark rober,6,2,1,0,1,1,0,1,0.005734,-0.23365,0
@Mrbeast Do survival challenges,4,3,1,0,0,0,0,0,0.115516,-0.123868,1
1:45 it was pretty safe [e][e],8,1,1,1,1,1,1,2,0.875551,0.636167,0
@mrbeast  give me one challenge please [e][e],9,2,1,0,0,2,1,3,0.217416,-0.021968,1
Comments be LIKE: THANKS FOR 1K!! MOM I AM FAMOS  NO WAY THANKS FOR 3K!!!,23,7,2,0,0,2,3,9,0.611201,0.371817,0
Do your challenge mr.beast,4,1,1,0,1,1,0,0,0.264533,0.025149,1
[e][e][e][e],3,0,0,0,0,0,0,3,-0.04668,-0.286064,1
Step One: Break Wood Step Two: Make Planks Step three: Make a Crafting Table Step Four: Get Five Planks  Step Five: Place the Planks in the Crafting Table in an U Shape  Step Six: Craft the Boat  Step Seven: Place the Boat in Water  Step Eight: Sit in the Boat Step Nine: Using the W A S and D keys Drive the Boat Till You Reach Safe Lands Step 10: Get Out of the Boat and Ladies and Gentlemen You Have Escaped the Island,94,6,13,0,0,33,22,20,0.052252,-0.187132,0
[e][e][e],3,0,0,0,0,0,0,3,-0.039345,-0.278729,1
[e][e][e][e][e],3,0,0,0,0,0,0,3,-0.041735,-0.281119,1
[e][e][e][e][e][e][e][e][e][e][e][e][e][e][e][e][e][e][e][e],3,0,0,0,0,0,0,3,0.038007,-0.201377,1
[e][e][e][e],3,0,0,0,0,0,0,3,-0.04668,-0.286064,1
[e][e][e][e],3,0,0,0,0,0,0,3,-0.04668,-0.286064,1
4:27 in India blue dram is very famous only Indians know[e],12,2,1,2,2,2,1,2,0.659393,0.420009,0
[e][e][e][e][e],3,0,0,0,0,0,0,3,-0.041735,-0.281119,1
Nice script though [e] try better next time,10,2,1,2,1,0,0,4,0.899396,0.660012,1
hello mr beast  I'm asking permission to take a small portion of your video to post on my personal page.,22,5,4,2,0,4,1,6,0.19474,-0.044644,1
[e][e][e][e][e][e],3,0,0,0,0,0,0,3,-0.029133,-0.268517,1
I wish I had a better Wi-Fi to watch ur videos [e],16,1,3,1,0,5,1,5,0.412244,0.17286,0
Today's my birthday but no subscribers,7,3,0,0,0,1,1,2,-0.276817,-0.516201,1
How to join mr beast challenge i dont know can anyone please tell me,15,2,5,0,0,4,0,4,-0.191822,-0.431206,1
Yes Mr beast [e],6,1,0,0,0,1,0,4,0.448535,0.209151,1
30:05,1,0,0,0,0,0,1,0,0.069222,-0.170162,0
29:55,1,0,0,0,0,0,1,0,0.125573,-0.113811,0
29:44,1,0,0,0,0,0,1,0,0.199697,-0.039687,0
Mr. Beast I want to make a video with you I am from Bangladesh.,15,1,3,0,0,6,1,4,0.622287,0.382903,1
Guys im indonesian people and why the indonesia dub for mrbeast is different people wheres the og one?,21,3,4,4,0,2,3,5,-0.037987,-0.277371,0
i would say without phones and internet,7,2,2,0,0,1,0,2,0.015768,-0.223616,0
Hello sir,2,1,0,0,0,0,0,1,0.666022,0.426638,1
 [e],3,0,0,0,0,0,0,3,0.082198,-0.157186,1
Sir can you help me my mother have cancer problem,10,3,3,0,0,4,0,0,-0.178568,-0.417952,1
Mr. Beast help me buy a house,7,1,2,0,0,3,1,0,0.332462,0.093078,1
Does anyone here know how to write a book [e] but have issues in printing and publishing them,20,3,5,0,1,2,1,8,-0.212032,-0.451416,1
Why there 2 blue drum[e],6,0,0,1,1,0,2,2,-0.091409,-0.330793,0
This is real survival not easy at all [e],11,1,1,2,2,1,0,4,-0.868505,-1.107889,0
bro skipped admin abuse,4,1,1,1,0,1,0,0,-0.507777,-0.747161,0
26:42 jimmy's voice [e],7,1,0,0,0,1,1,4,0.106116,-0.133268,0
his cameraman looks like a model,6,2,1,0,0,1,1,1,-0.014592,-0.253976,0
Wow,1,0,0,0,0,0,0,1,0.635367,0.395983,1
I skipped watchimg this video on Saturday the thumbnail of this video has changed 4times wow[e],17,3,4,0,0,3,4,3,-0.401439,-0.640823,0
At this rate Darius will join the team next,9,2,2,0,1,1,2,1,-0.001356,-0.24074,0
Hye mr. Beast I like your videos like this types,11,2,1,0,0,6,1,1,0.913595,0.674211,0
My little beasty boy ignition temperature of water is higher than plastic,12,5,1,3,0,1,0,2,0.175033,-0.064351,0
Put me in bro,4,1,1,0,0,1,0,1,0.124039,-0.115345,1
I need a laptop please [e] I am new subscriber,12,2,2,1,0,2,1,4,0.206997,-0.032387,1
Im so glad hase is here too,8,1,2,1,3,1,0,0,0.982467,0.743083,1
Tamil dubbed is next level[e][e],6,1,2,1,0,1,0,1,0.836956,0.597572,0
Mr Beast please help me My father is so sick and my home in loan and I am job delivery boy but now my condition is not good please give me $10000 it's enough amount for my all problems my english is not good but I trying if I write Hindi language so can better understand you please [e] help,64,10,12,4,4,16,2,16,-0.6881,-0.927484,1
Where is taric,3,0,1,1,0,0,0,1,-0.160403,-0.399787,0
I may say I'm gonna give up but until I do I will never give up!,19,0,8,0,1,4,0,6,0.298837,0.059453,0
Wah keren[e][e],3,1,0,0,0,1,0,1,-0.012496,-0.25188,0
[e],3,0,0,0,0,0,0,3,0.092695,-0.146689,1
[e],3,0,0,0,0,0,0,3,0.092695,-0.146689,1
[e],3,0,0,0,0,0,0,3,0.092695,-0.146689,1
Please Mr beast 10000 tarumo,5,2,0,0,0,1,1,1,0.331721,0.092337,1
[e],3,0,0,0,0,0,0,3,0.092695,-0.146689,1
Mr beast you should recreate the steel ball run race cross america from jojos bizarre adventure part 7 which is the best anime which is going to be created and one of the best manga in history so its going to be peak if you can recreate it,48,8,11,4,0,12,5,8,0.957011,0.717627,0
[e],3,0,0,0,0,0,0,3,0.092695,-0.146689,1
Darius carried paddling bro never gave up [e][e],10,2,3,0,1,1,0,3,0.690114,0.45073,0
Spiders eat bananas???,6,2,1,0,0,0,0,3,-0.177301,-0.416685,0
We got Mr beast playing build a boat irl nowadays [e][e],13,5,2,0,1,2,1,2,0.114892,-0.124492,0
Bro. Please support me[e][e][e][e][e],6,1,1,0,0,1,0,3,0.740636,0.501252,1
dude what the fake internet theory why is every comment the same and why was there just bamboo on the ground?,22,5,3,2,1,2,4,5,-0.879368,-1.118752,0
Mack make the same video 2 week before,8,2,1,1,0,1,2,1,-0.108499,-0.347883,1
Thanks for (732 Subcribe)[e][e][e][e][e][e][e][e][e][e][e],6,2,0,0,0,0,1,3,0.850441,0.611057,1
Wah one night halt in island not terrible.,9,4,0,1,0,0,1,3,-0.28182,-0.521204,0
Oh my god [e][e][e],6,0,0,0,0,0,1,5,-0.176572,-0.415956,1
W darius [e][e][e][e],5,2,0,0,0,1,0,2,-0.015546,-0.25493,1
Mrbeast frod your video is coming challenge but in money I am in India,14,3,4,0,0,4,0,3,0.305305,0.065921,0
yes,1,0,0,0,0,0,0,1,0.377813,0.138429,1
w darius,2,0,0,0,0,1,1,0,0.013967,-0.225417,1
Yes very nice video Eid Mubarak,6,1,0,1,1,2,0,1,0.972064,0.73268,1
Iran [e],4,0,0,0,0,1,0,3,-0.001608,-0.240992,1
Try again beast,3,1,1,0,1,0,0,0,0.16021,-0.079174,1
Allah give u more success ..and give u more chance to donate,13,2,3,2,0,3,0,3,0.945715,0.706331,1
Darius is like tareq or Chandler all over again hope to see him more in the challenges!,18,2,3,0,4,3,1,5,0.722144,0.48276,0
Who fills some things are already planted?,8,1,3,0,1,1,1,1,-0.053031,-0.292415,0
Darius got trained for this from camp cretaceous,8,1,2,1,0,2,0,2,-0.060802,-0.300186,0
Hi Mr. Beast I'm Adrito Tinosse I'm from Mozambique and I'd like to participate in one of your challenges. I want you to see that we Africans are fantastic too. We Africans are terrible too.,41,1,9,2,2,15,1,11,0.646582,0.407198,0
Darius [e][e],4,1,0,0,0,1,0,2,0.050109,-0.189275,0
Mr beast videos of white people song superstar video,9,5,0,1,0,2,0,1,-0.049915,-0.289299,0
[e][e][e][e][e][e],3,0,0,0,0,0,0,3,-0.029133,-0.268517,1
Do more like this,4,0,1,1,0,1,0,1,0.4847,0.245316,0
Chinese song good,3,1,0,2,0,0,0,0,0.787916,0.548532,0
Darrius,1,0,0,0,0,1,0,0,0.069428,-0.169956,0
Small content creators assemble.  Do subscribe.....,8,2,3,1,0,0,0,2,0.215431,-0.023953,1
This video is incredibly captivating combining high-stakes survival with authentic teamwork and determination,15,5,3,2,1,0,1,3,0.964561,0.725177,0
why you change indonesian audio track:(,7,1,1,1,0,2,0,2,-0.871569,-1.110953,0
I am ready to take challenges in video,8,2,2,1,0,1,0,2,0.657019,0.417635,1
i think you all could have done better  whatever  try again with another challenge and dont lose that time  good luck!,23,3,7,2,1,4,2,4,0.852847,0.613463,0
please,1,0,0,0,0,0,0,1,0.408474,0.16909,1
Mr beast gift me a ps5,6,3,0,0,0,2,1,0,0.577889,0.338505,1
I want Chinese,3,0,1,0,0,2,0,0,0.298956,0.059572,0
bring darrius again!!!!!!!!!!!!!!!,18,1,1,0,1,0,0,15,0.829416,0.590032,0
Darius literally carried this whole video paddling till the end. He should be featured more often.,18,3,4,1,3,2,2,3,0.826715,0.587331,0
I live in Pakistan Karachi [e],8,0,1,0,0,3,0,4,0.032396,-0.206988,1
sir please organized a game like pubg,7,3,1,0,0,0,1,2,0.163158,-0.076226,0
Hey jimmy I'm a fan of yours from Sri lanka and i have a strange request to make.. can I get the Lenove loq 15 with the ryzen 7 and a 5060 . The reason behind me asking for this is cuz my  dream is to become a youtuber one day but I don't have the equipment to do so. I never played games like forza  fortnite valorant or any other game that are like AAA.. I never had a gaming pc / laptop I lied my friends of me having a gaming laptop since I was in middle school now they're  bullying me and calling me a liar . All i needed is sum friends that i can play games with. I'm 16 years old i'm not forcing but just requesting if you  can plz man i'm in desperate need of a gaming laptop i cant ask my dad cuz the price of that laptop is like 10x my  dad's salary. Always been a fan of you since 2021 [e],186,36,36,7,6,34,22,45,-0.07046,-0.309844,1
Mr best  Please half me  I need sum many Please [e],13,1,1,2,0,3,1,5,0.902846,0.663462,1
500 million soon [e],6,0,0,0,1,0,2,3,0.19066,-0.048724,1
Give some support to our clan!,7,2,1,0,0,1,1,2,0.803871,0.564487,1
Mr beast I watched your new video on that video you take so many new subscribers names and an Iphone 17 pro max and throw that on a subscriber name my name is Arham I live in Pakistan Love you [e],43,9,5,4,1,12,4,8,0.882356,0.642972,1
Love From Bangladesh [e],6,1,0,0,0,1,0,4,0.862008,0.622624,1
[e][e][e][e],3,0,0,0,0,0,0,3,-0.04668,-0.286064,1
Mr beast is brand of YouTube,6,2,1,0,0,2,0,1,0.317034,0.07765,0
chandler is useless,3,0,1,1,0,1,0,0,-0.896553,-1.135937,0
Make video's like Man vs wild,7,1,1,1,0,1,0,3,0.099655,-0.139729,0
Pls try again,3,0,1,0,1,0,0,1,0.132855,-0.106529,1
You set all barrels in a beach,7,2,1,0,0,1,2,1,-0.033371,-0.272755,0
Video fake,2,2,0,0,0,0,0,0,-0.120759,-0.360143,0
I like darius hes just chill,7,1,2,0,2,2,0,0,0.879083,0.639699,0
Where the voice MR beast old?,7,2,0,1,0,1,1,2,-0.327891,-0.567275,0
26:24 R u excited were almost there[e][e],8,3,1,1,1,0,1,1,0.926192,0.686808,0
should the boys and I do more challenges again?,10,2,2,1,1,1,1,2,0.116823,-0.122561,0
More like it[e][e][e],4,0,0,0,1,1,0,2,0.017232,-0.222152,1
Mr beast I am  from India my house is so small pleas help us to build a house [e][e][e] you are my favorite youtuber and gime me I phone [e][e] pleas I'm poor pleas help me mr beast I am 15 year old my name is Kanhaiya Dhruw and pleas take me in your Indian video [e] your subscriber Kanhaiya Dhruw love from India [e][e][e][e][e][e][e][e][e][e][e][e][e][e][e][e][e][e][e][e][e][e][e][e][e][e][e][e][e][e][e][e][e][e][e][e][e][e][e][e][e][e][e][e][e][e][e][e][e][e][e][e][e][e][e][e][e][e][e][e][e][e][e][e][e][e][e][e][e][e][e][e][e][e][e][e][e][e][e][e][e][e][e][e][e][e][e][e][e][e][e][e][e][e][e][e][e][e][e][e][e][e][e][e][e][e][e][e][e][e][e][e][e][e][e][e][e][e][e][e][e][e][e][e][e][e][e][e][e][e][e][e][e][e][e][e][e][e][e][e][e][e][e][e][e][e][e][e][e][e][e][e][e][e][e][e],74,16,11,5,1,22,2,17,0.470594,0.23121,1
Oh yes Mr. Beast ken Tse cho colle more if you bring me the break and we missed together find oh yes wow who,24,2,5,0,2,7,1,7,0.739055,0.499671,1
You arent old well if you are old you look good,12,0,3,3,0,3,0,3,0.58083,0.341446,0
Real Videos are Back,4,0,1,1,1,1,0,0,0.555184,0.3158,0
In the epst3in island??,7,2,0,0,0,0,1,4,0.020172,-0.219212,0
We want part 2.....,5,1,1,0,0,1,1,1,0.201646,-0.037738,0
This is what I miss thanks for this one. You're new videos are great too but I really do miss the challenges and old group videos. Maybe a return to some hide and seek?,38,7,8,3,3,5,4,8,0.748834,0.50945,0
Hi mrbeast  Iam in India give me a gift plz i saw all videos and subscribed plz give a gift,20,3,4,1,0,4,3,5,0.696942,0.457558,1
Bro Nolan is cooking the challenge,6,1,2,0,0,2,1,0,0.426402,0.187018,0
Last nights had a dream about Mr beast coming to my house [e],15,4,2,1,0,2,1,5,0.028038,-0.211346,1
Mojang please fix bedrock,4,2,1,0,0,0,0,1,-0.381684,-0.621068,1
Indonesian voice actors are boring,5,2,2,1,0,0,0,0,-0.890314,-1.129698,0
Jimmy can do anything [e],7,0,2,0,0,2,0,3,0.514275,0.274891,0
If you want a lot of viewers you have to make cool videos like: ants fighting other types of ants animals playing unique games like in a circus. Thank you. MY SUGGESTION,35,10,6,3,0,4,2,10,0.790754,0.55137,0
Hi brother beast ! I'm from india I'm and my family facing do or die situation . The situation related to money . I want money brother  Can u help me ?  I will return it back after I earn  But at the time now I'm hopeless  Please help me,53,9,14,1,2,12,2,13,-0.308075,-0.547459,1
[e][e][e],3,0,0,0,0,0,0,3,-0.039345,-0.278729,1
Welcome back guys [e],6,1,1,0,0,0,0,4,0.96043,0.721046,1
Bro Come back [e],6,1,1,0,0,0,0,4,0.24119,0.001806,0
Duuude. Darius is a beast! He carried the whole team. Is Darius the true mrBeast??,20,3,3,2,0,4,3,5,0.939003,0.699619,0
Are you aware that you stole a video? Not long ago Egor Shkred released the same video meaning he already shot it and you're releasing a one-on-one video in a couple of days,39,6,7,2,3,6,6,9,-0.730844,-0.970228,0
He said family instead of fianc are they married aldy? Is she pregnant?,15,2,3,3,1,3,0,3,-0.05536,-0.294744,0
Hello [e],4,0,0,0,0,0,0,4,0.226541,-0.012843,1
If money is your power then you are nothing without it.,12,2,2,0,1,4,0,3,0.294684,0.0553,0
do more Challenges,3,1,1,1,0,0,0,0,0.188654,-0.05073,0
Please PSI 5 can you give me [e][e][e],10,0,2,0,0,3,2,3,0.473951,0.234567,1
[e][e]I love your videos. I'm pretty sure you're not going to read this but if you do another survival video like that there are videos on YouTube that shows you how to build shelters from nature[e],41,6,9,1,1,10,1,13,0.889432,0.650048,0
[e][e][e],3,0,0,0,0,0,0,3,-0.039345,-0.278729,1
Come to Bangladesh [e] [e] [e] [e] [e][e],18,1,1,0,0,1,0,15,0.097573,-0.141811,1
Make more vedios on hide n seek and game of tag [e]  They are my favorite.,19,3,4,2,0,2,0,8,0.960669,0.721285,0
Darius made every cameraman proud,5,1,1,1,0,1,1,0,0.961832,0.722448,0
WHERES KARL,2,1,0,0,0,1,0,0,0.001403,-0.237981,0
Goood[e][e][e],2,0,0,0,0,1,0,1,0.926442,0.687058,1
Yes,1,0,0,0,0,0,0,1,0.365616,0.126232,1
Why the new Indonesian trek audio sound like this [e],12,3,0,2,0,1,1,5,-0.753248,-0.992632,0
you let us down. Junction City High School Junction City KS,12,0,1,0,0,9,0,2,-0.823151,-1.062535,1
In 12:10 all 5 of them is in the boat who the f is filming the drone,17,2,3,0,0,3,6,3,-0.088677,-0.328061,0
Brilliantly copied Egoriks video but when he was surviving in the jungle he couldnt even leave him a commenteven though thats the whole reason he started surviving in the first place.,34,5,8,2,2,6,4,7,-0.09846,-0.337844,0
8:25,1,0,0,0,0,0,1,0,0.145442,-0.093942,1
Where is 1100 team members [e],8,2,1,0,0,0,1,4,-0.136922,-0.376306,0
Darrius saved the group all he could,7,1,2,0,0,3,1,0,0.446473,0.207089,0
I love you m.r beast,5,1,1,0,0,3,0,0,0.968295,0.728911,1
7:17,1,0,0,0,0,0,1,0,0.149494,-0.08989,0
i have nolan cape in real life,7,3,1,1,0,1,0,1,0.122825,-0.116559,0
Nice brother,2,1,0,1,0,0,0,0,0.789376,0.549992,1
Old mr beast is back,5,1,1,0,1,2,0,0,0.090744,-0.14864,0
Invite me[e],3,0,1,0,0,1,0,1,0.273026,0.033642,1
10:11,1,0,0,0,0,0,1,0,0.283863,0.044479,0
Darius was the real MVP of this video bro carried like a legend [e][e],16,4,2,1,0,2,3,4,0.966736,0.727352,0
Hey Mr Beast I got 10 people to subscribe for you,11,1,2,0,0,4,1,3,0.540984,0.3016,1
Biggest fan from india [e][e][e][e][e][e][e][e][e][e][e][e][e][e][e][e][e][e][e][e][e][e][e][e][e][e][e][e][e][e][e][e][e][e][e][e][e][e][e][e][e][e][e][e][e][e][e][e][e][e][e][e][e][e][e][e][e][e][e][e][e][e][e][e][e][e][e][e][e][e][e][e][e][e][e][e][e][e][e][e][e][e][e][e][e][e][e][e][e][e][e][e][e][e][e][e][e][e][e][e][e][e][e][e][e][e][e][e][e][e][e][e][e][e][e][e][e][e][e][e][e][e][e][e][e][e][e][e][e][e][e][e][e][e][e][e][e][e][e][e][e][e][e][e][e][e][e][e][e][e][e][e][e][e][e][e][e][e][e][e][e][e][e][e][e][e][e][e][e][e][e][e][e][e][e][e][e][e][e][e][e][e][e][e][e][e][e][e][e][e][e][e][e][e][e][e][e][e][e][e][e][e][e][e][e][e][e][e][e][e][e][e][e][e][e][e][e][e][e][e][e][e][e][e][e][e][e][e][e][e][e][e][e][e][e][e][e][e][e][e][e][e][e][e][e][e][e][e][e][e][e][e][e][e][e][e][e][e][e][e][e][e][e][e][e][e][e][e][e][e][e][e][e][e][e][e][e][e][e][e][e][e][e][e][e][e][e][e][e][e][e][e][e][e][e][e][e][e][e][e][e][e][e][e][e][e][e][e][e][e][e][e][e][e][e][e][e][e][e][e][e][e][e][e][e][e][e][e][e][e][e][e],7,1,0,1,0,2,0,3,0.649498,0.410114,1
Can you do a video with me please?,9,1,2,0,0,2,1,3,0.27487,0.035486,1
Recently I have intuitively locked in my frequency to of 234Hz and felt a cooling effect   Found that my intermolecular force in dna have increased  giving raise to steady voltage and a condition met which changed my action of body to of cooling generator. The heat accumulated over in my have slowly dissapitated.  I have analyzed that the mathematical grids of my body have actually made a change in integration of the producted dimensions in the process of differentiation . I have understood that some condition have met which could be the position of the crucial producted dimension that could have made .,105,21,29,4,4,12,10,25,0.160723,-0.078661,1
Yes,1,0,0,0,0,0,0,1,0.365616,0.126232,1
the worst mistake y'all made is not rowing in unity same time same direction and trying to do same power each too...,24,5,5,4,1,3,1,5,-0.831964,-1.071348,0
I have watched this video more than 5 times and i have learnt allot in life in it .. keep the good job going mrbeast,25,5,6,3,0,3,3,5,0.975449,0.736065,0
Lame,1,0,1,0,0,0,0,0,-0.100156,-0.33954,1
Yesss,1,1,0,0,0,0,0,0,0.712374,0.47299,1
A white guy is forcing a black guy to work for him. I have seen this beforeeeeeeee.,19,3,5,2,0,2,3,4,-0.693157,-0.932541,0
Thank you mr beast. My sisters tryed testable bar in Bangladesh,12,3,2,1,0,4,0,2,0.789168,0.549784,1
We want Darius with you always mrBeast,7,0,1,0,2,3,0,1,0.859657,0.620273,0
you guys should hire an ex scout or something....,10,3,2,0,0,2,1,2,-0.613407,-0.852791,0
For over 5 years since 2020 I've been praying that God invites me to participate in a video with MrBeast and he rewards me with money to help my father. I hope you come to Egypt and we shoot a video together.,45,5,10,0,1,11,4,14,0.921306,0.681922,1
For over 5 years since 2020 I've been praying that God invites me to participate in a video with MrBeast and he rewards me with money to help my father. I hope you come to Egypt and we shoot a video together.,45,5,10,0,1,11,4,14,0.921306,0.681922,1
For over 5 years since 2020 I've been praying that God invites me to participate in a video with MrBeast and he rewards me with money to help my father. I hope you come to Egypt and we shoot a video together.,45,5,10,0,1,11,4,14,0.921306,0.681922,1
Yes,1,0,0,0,0,0,0,1,0.365616,0.126232,1
For over 5 years since 2020 I've been praying that God invites me to participate in a video with MrBeast and he rewards me with money to help my father. I hope you come to Egypt and we shoot a video together.,45,5,10,0,1,11,4,14,0.921306,0.681922,1
For over 5 years since 2020 I've been praying that God invites me to participate in a video with MrBeast and he rewards me with money to help my father. I hope you come to Egypt and we shoot a video together.,45,5,10,0,1,11,4,14,0.921306,0.681922,1
For over 5 years since 2020 I've been praying that God invites me to participate in a video with MrBeast and he rewards me with money to help my father. I hope you come to Egypt and we shoot a video together.,45,5,10,0,1,11,4,14,0.921306,0.681922,1
For over 5 years since 2020 I've been praying that God invites me to participate in a video with MrBeast and he rewards me with money to help my father. I hope you come to Egypt and we shoot a video together.,45,5,10,0,1,11,4,14,0.921306,0.681922,1
Free Palestine [e],5,0,0,0,0,2,0,3,0.091034,-0.14835,1
Millions watch. Few question. The algorithm approves.,10,2,2,1,0,1,1,3,0.426422,0.187038,0
If darius was helping who was recording them all of them?,12,0,4,0,0,5,0,3,-0.064556,-0.30394,0
Yes,1,0,0,0,0,0,0,1,0.365616,0.126232,1
For over 5 years since 2020 I've been praying that God invites me to participate in a video with MrBeast and he rewards me with money to help my father. I hope you come to Egypt and we shoot a video together.,45,5,10,0,1,11,4,14,0.921306,0.681922,0
I am your very big fan jimmy sir,8,1,1,1,1,4,0,0,0.964677,0.725293,0
[e][e][e][e][e][e],3,0,0,0,0,0,0,3,-0.029133,-0.268517,1
Do more challenges and pick me in next challenge,9,2,2,2,0,1,0,2,0.149369,-0.090015,0
Gugu gaga,2,1,0,0,0,1,0,0,0.134739,-0.104645,0
I hope this isn't the Epsh (coughs 2 times)?,13,1,2,0,0,4,2,4,-0.694189,-0.933573,0
Hi Jimmy,2,0,0,0,0,1,0,1,0.544148,0.304764,1
MRBEAST STOP PLAYING ROBLOX SO ROBLOX BRING BACK CHAT OK,10,2,3,1,0,3,0,1,-0.67021,-0.909594,0
Nepal[e][e],2,1,0,0,0,0,0,1,0.02313,-0.216254,1
LOVE FROM BANGLADESH [e][e][e][e],6,2,0,0,0,1,0,3,0.913491,0.674107,0
[e],3,0,0,0,0,0,0,3,0.092695,-0.146689,1
Darius Aura Farming bro MVP he need to be in more videos Mr Beast<>!,17,2,2,1,0,7,0,5,0.845453,0.606069,0
How is 5 days when 30 minutes is video,9,3,2,0,0,0,2,2,-0.006638,-0.246022,0
Are you crazy,3,0,1,1,0,1,0,0,-0.323995,-0.563379,1
This is how i felt in school every time,9,2,2,0,0,2,1,2,-0.252229,-0.491613,0
[e],3,0,0,0,0,0,0,3,0.092695,-0.146689,1
My my! how convenient there were floatable blue barrels buried across the island and 'bamboo's' too. Truly a test of survival!,27,5,2,3,2,2,2,11,0.871733,0.632349,0
someone did this,3,0,1,0,0,2,0,0,-0.186075,-0.425459,1
@mrbeast i need money for married [e][e][e] $50.000 [e][e][e],14,2,1,1,0,1,3,6,0.049971,-0.189413,1
It'd be nice to have a video challenge with just Jimmy.,13,2,3,1,1,2,1,3,0.47715,0.237766,0
[e],3,0,0,0,0,0,0,3,0.092695,-0.146689,1
No video,2,1,0,0,0,0,1,0,-0.011542,-0.250926,1
cool,1,0,0,1,0,0,0,0,0.453038,0.213654,1
I would not breath until Mr Beast does not reply my coment. [e],16,1,4,0,0,4,0,7,-0.662822,-0.902206,0
If Mr.Beast offered the team $1m once they complete the challenge it would be completed in no time.,22,3,6,0,0,4,4,5,0.580266,0.340882,0
I felt greatly that the mechs gon get him  -babft player-,11,3,2,1,1,2,1,1,0.171757,-0.067627,1
sound Mrbeast Indonesia has changed (voice over)[e],9,1,2,1,0,3,0,2,0.03438,-0.205004,0
Beast today is my birthday can you gift me a ASUS rog,12,3,3,0,0,5,1,0,0.831026,0.591642,1
uzbek,1,0,0,0,0,1,0,0,0.110254,-0.12913,1
Very nice mr beast,4,1,0,1,1,1,0,0,0.958721,0.719337,1
God willing you will succeed next time. Failure is the foundation of success. I love you Mr. Best. Your brother in faith from Yemen.,28,6,4,2,0,8,1,7,0.965586,0.726202,0
The Indonesian dubbing is not as energetic and good as the previous one. The previous one is better and more suitable,22,2,2,7,2,0,4,5,-0.50814,-0.747524,0
[e][e][e][e][e][e],3,0,0,0,0,0,0,3,-0.029133,-0.268517,1
IDK IF YOU NOTICED BUT YOU AT 472M SUBCRIBERS NOW!!!!!!!!!!!!!!!!!!!!!!!!!!!!!!!!!!!!!!!!!!!!!!!!!!!!!!!!!!!!!!!!!!!!!!!!!!!!!!!!!!!!!!,97,1,0,0,1,4,2,89,0.935076,0.695692,0
This deserves way more views! [e],9,1,1,1,1,1,0,4,0.949903,0.710519,1
Thailand 40 degrees,3,1,0,0,0,1,1,0,0.100825,-0.138559,1
My little brother watches this 10 times a day! So good! [e],16,3,1,2,1,2,2,5,0.985091,0.745707,0
wow,1,0,0,0,0,0,0,1,0.39262,0.153236,1
You Will never Know Why this comment is The most Liked Comment in the History of YouTube!,18,2,4,0,2,3,3,4,0.875017,0.635633,1
)[e][e][e][e][e][e][e][e][e][e][e][e][e][e][e][e][e][e][e][e][e][e][e][e][e][e][e][e][e][e][e],4,0,0,0,0,0,0,4,0.044004,-0.19538,1
Yes,1,0,0,0,0,0,0,1,0.365616,0.126232,1
Kristina tyson touched me,4,1,1,0,0,2,0,0,0.070185,-0.169199,0
Helpme[e][e][e],2,1,0,0,0,0,0,1,0.209166,-0.030218,1
Indonesian sounds better before than now,6,0,1,1,3,0,0,1,0.497011,0.257627,0
[e][e][e],3,0,0,0,0,0,0,3,-0.039345,-0.278729,1
Darius promotion! no more cameraman bro is the strong hand of Beast,13,4,1,2,0,3,1,2,0.558205,0.318821,0
Mr. I really like you I have a body doll of you made out of hair I collected from your sets I would love to go swimming with you in my pool with my grandma. We watch your videos together before tickle time We would love to have you over we can practice hugging[e][e][e][e],56,10,14,0,2,16,1,13,0.972177,0.732793,0
This is the MrBeast I fell in love with. Please include you and your friends more because that's what so many OGs adore,25,3,5,1,2,7,1,6,0.970491,0.731107,0
[e][e][e],3,0,0,0,0,0,0,3,-0.039345,-0.278729,1
Hii mr beast sir i need some money[e],9,0,1,0,0,6,1,1,0.130344,-0.10904,0
When you do another video like this you need more people like Darius with you,15,2,2,1,0,5,1,4,0.447047,0.207663,0
[e],3,0,0,0,0,0,0,3,0.092695,-0.146689,1
Hello Mr. Beast I like your videos. I don't speak English I'm learning.[e][e],17,1,4,1,0,7,0,4,0.919535,0.680151,0
Yes,1,0,0,0,0,0,0,1,0.365616,0.126232,1
Yep[e],2,0,0,0,0,1,0,1,0.215297,-0.024087,1
Mission Failed[e],3,1,0,0,0,1,0,1,-0.731643,-0.971027,1
[e][e],3,1,0,0,0,0,0,2,-0.009305,-0.248689,1
The new guy pls make more video and the camera man need a bonus,14,5,2,2,0,0,3,2,0.476076,0.236692,0
I'm big fan you Mr beast [e],10,2,1,1,0,3,0,3,0.972816,0.733432,0
Entertainment at scale. Meaning at what cost?,9,3,1,0,0,1,0,4,-0.04172,-0.281104,1
I love how everyone is praising farious he did so much for the group [e],17,1,4,0,3,3,1,5,0.976632,0.737248,0
Mr Bean if you let me in one of your challenge that will be my great dream for me,19,2,3,1,0,8,1,4,0.947276,0.707892,0
Why is Mr. Beast's voice different?,8,1,1,1,0,2,0,3,-0.050573,-0.289957,0
Jimmy make a Lego city or a Lego swimming pool in your next video. It would be cool to see that. If you agree give it a like),31,5,6,2,0,8,3,7,0.921233,0.681849,0
Mr beast I am your big fan please I want to be in the beast game,16,4,3,1,0,4,1,3,0.950847,0.711463,0
Hii mr beast I want to meet you [e][e],11,2,2,0,0,4,0,3,0.604615,0.365231,0
Yes,1,0,0,0,0,0,0,1,0.365616,0.126232,1
Hi Mr beast,3,1,0,0,0,1,0,1,0.571971,0.332587,0
[e][e][e][e][e][e][e][e][e][e],3,0,0,0,0,0,0,3,0.01439,-0.224994,1
So much failure,3,1,0,1,1,0,0,0,-0.752439,-0.267516,0
These guys are clueless. The Iranian regime doesnt care about their civilians lives. They will never surrender. The only way out for Trump now to justify this war is to either blame someone else for it (a scapegoat) make it seem like they got a huge deal or just completely obliterate Iran (which he wont).,65,7,14,4,6,10,6,18,-0.921468,-0.436545,0
U.s. do know Iran have allies and Iran get all that gear and tech back. Construction just rebuild all those destroyed buildings back and rebuild military nothing changed,30,5,8,1,3,5,4,4,-0.304701,0.180222,1
"Iran said ""NO MORE TALKING!""",8,0,2,0,1,1,1,3,-0.525986,-0.041063,0
Alot of these strikes are same videos[e],8,2,1,1,0,1,1,2,-0.373633,0.11129,0
Wouldnt be the first time the big I lied about a strike on themselves.,16,2,3,2,0,2,3,4,-0.621034,-0.136111,0
So much for no more wars. I say we let Israel fight this war all by themselves.,19,2,3,2,2,5,1,4,-0.900326,-0.415403,0
2 planes coming from NY into Israel right now looking at the flight radars,14,3,2,0,2,2,2,3,0.016322,0.501245,0
Israel and the US are losing this war. And when its done israel abd the US will only have each other as allies. The world hates the US and israel.,33,3,6,1,1,8,6,8,-0.935075,-0.450152,0
Now imagine how the citizens of Gaza Beirut and Tehran feel. I don't support Islamic fascism in any form but that doesn't close my eyes to the suffering of fellow human beings whatever their religion politics or nationality,41,9,6,3,1,8,3,11,-0.834105,-0.349182,0
Wondering how the Media knows the exact size of the bomb. Are they working with them?,18,3,4,1,0,2,3,5,-0.214232,0.270691,0
200 lb? Should be a 3000lb one. Make it rain on em,15,0,4,0,0,2,6,3,-0.282853,0.20207,0
Iran can keep this going.,6,0,3,0,0,1,1,1,-0.077506,0.407417,0
Maybe the US wants to make a deal.,9,1,2,0,1,1,2,2,0.041583,0.526506,0
Now I understand why MAGA is always wrong.  But for those of us who know Trump is a psychopath and can recognize his lies the good news is these lies can be traded for profit.  The last week has allowed me to trade oil for good profits.  Strategy?  When he lies and oil goes down go long oil or trade options.   Fox News will make you broke and more stupid than you already are.  Sorry but Trump cant help your failures in life.  You own those.,95,14,22,6,5,19,4,25,-0.621382,-0.136459,0
It's taco tuesday fox news.,7,0,1,0,0,5,0,1,0.2367,0.721623,1
March 28th.  Stop the lies and stop child rapists trump,11,4,3,0,0,1,1,2,-0.870066,-0.385143,0
All I can say is keep an eye on them because I pray they aren't trying to buy time to receive some type of terrible weapon from another country or some other craziness because they are radical to the max. And they refuse to give up no matter what they are always looking toward their goal. But I'm praying about it. All I know is that they are liars. And the only thing that could change them is if Jesus Christ were to actually make himself known to them to the point that they fear and repent. Then they would actually be changed. But otherwise they will not change.,118,11,30,5,7,26,7,32,-0.610111,-0.125188,0
Something  stinks they would have stopped  firing for 5 days,10,1,5,0,0,2,1,1,-0.859696,-0.374773,0
Hamburger Hill. (937) Bombed and Bombed it even with Napalm only booths/close combat could do a temporary job.,24,3,4,2,2,4,2,7,-0.822877,-0.337954,0
How do you make a deal with liars? Lying seems to be their specialty.,16,3,5,0,0,2,1,5,-0.862711,-0.377788,0
Texas refineries [e][e][e][e],5,1,0,0,0,1,1,2,-0.168277,0.316646,0
Pledge allegiance to your Epstein president,6,2,0,0,0,3,0,1,-0.550351,-0.065428,0
They dont make deals!,6,1,2,0,0,1,0,2,-0.500658,-0.015735,0
God bless these Israelis. Many arrogant Americans have no clue how lucky they are to live in America. And I have no clue that sometimes we have to fight for our freedom because they have grown up in a pampered world.,44,4,9,4,1,9,4,13,-0.834181,-0.349258,0
Finish the job!,4,1,1,0,0,0,1,1,0.345544,0.830467,0
they know what US 'talks' mean....,9,1,2,0,0,3,0,3,-0.02858,0.456343,0
TACO,1,0,0,0,0,1,0,0,0.302393,0.787316,1
The Regime in Iran must be eliminated,7,0,3,0,0,2,1,1,-0.841779,-0.356856,0
I see,2,0,1,0,0,1,0,0,0.146078,0.631001,1
Fox News says Iran is on Borrowed time. Reality says Trump and his Master are the ones on borrowed time and it is coming to an end soon.,30,5,8,0,1,7,2,7,-0.767286,-0.282363,0
It's called gazanization!,5,1,2,0,0,1,0,1,0.382241,0.867164,0
Iran just send 100.000 ellite troops to gaza[e] Iran Will win..,13,2,3,0,1,3,1,3,0.067246,0.552169,0
Keep on dreaming. Iran is not interested in any deal. No more deal just keep on! If you so much needed that deal then the conditions are simple: pack all stuff and leave the GCC and then pay the damages you did to Iran.,49,7,10,3,5,5,6,13,-0.744713,-0.25979,0
As the world sees it the USA is the one that wants to hold the world hostage. The Epstein class wants to hold the word hostage. Trump = Child Rapist.,33,8,6,0,0,7,6,6,-0.885599,-0.400676,0
Anyone that believes this crap about negotiations on Fox News. I have a bridge to sell you in Brooklyn. These idiots love war so much let them send their own kids. I bet they will have bone spurs too.,43,7,10,1,3,11,3,8,-0.939848,-0.454925,0
Trump moved taco Tuesday to Monday now this? My body cannot process all this winning.,18,1,4,0,1,7,1,4,0.135976,0.620899,0
Put the friendly A-rabs on the ground,9,3,1,1,0,0,2,2,-0.277656,0.207267,0
Orange buffoon is going to bend the knee first but Iran won't stop unless all objectives are achieved. Iran has also backing of 2 actual superpowers Russia and China,31,4,9,1,2,5,3,7,-0.605495,-0.120572,0
So called Jewish... [e],7,0,1,1,1,0,0,4,-0.220566,0.264357,0
It's nice being an American. Missiles never land in our cities.,14,3,2,1,1,3,1,3,0.692458,1.177381,0
Hitting back harder [e][e][e][e],6,1,1,0,1,0,0,3,0.109414,0.594337,0
The same people the were complaining that trump didn't do anything for the protesters are the same ones that are now complaining that he is doing something to iran,30,4,9,2,1,6,4,4,-0.745384,-0.260461,0
Oh please Israel has no defenses left.  And Iran doesn't need or want a peace deal.,19,3,5,0,0,2,2,7,-0.858611,-0.373688,0
Keep blowing it up [e][e][e],7,0,2,0,0,1,1,3,-0.041433,0.44349,0
The world do not trust the USA anymore,8,1,2,0,1,1,2,1,-0.826209,-0.341286,0
Iran stated what they are going to do They are going to make this war so painful that no one will ever dream of attacking them again they do not want peace talks they want American boots on the ground to put American soldiers in body bags even if Iran suffers 10 to 1 casualties. They want flag draped coffins trump attacked them while they were in peace negotiations twice they have absolutely no intention of talks with the US while trump is President,85,17,22,3,6,14,7,16,-0.901358,-0.416435,0
This fella is the cause of the war.,9,3,1,0,0,0,3,2,-0.923841,-0.438918,0
Give no quarter [e][e][e][e],6,1,1,0,0,0,2,2,-0.448101,0.036822,1
Chris Murphy @ChrisM...  9h  $1.5 BILLION. Let me say it again - a $1.5 BILLION BET. Bigger than any futures purchases made at the time. 5 minutes before Trump's post. Who was it? Trump? A family member? A White House staffer? This is corruption. Mind blowing corruption. unusual whales  @unusual_w...  18h BREAKING: Just five minutes before Trump's announcement to halt the attacks on Iran massive trades reportedly hit the market.,88,22,8,3,3,14,13,25,-0.248511,0.236412,0
Wipe Iranian regime out !,5,1,1,1,0,0,0,2,-0.70927,-0.224347,0
EPIC FAIL,2,0,0,0,0,2,0,0,-0.789172,-0.304249,0
What red blooded American believes Fox?,7,0,1,2,0,2,1,1,-0.760203,-0.27528,0
Tel Aviv. What a wonderful place to live! I feel sorry for the Israelis who are dying for Bibi's little adventure.,25,2,4,3,0,7,2,7,0.476689,0.961612,0
sooo the usa bombs iran  a society where the ppl are SHIA meaning they believe in martyrdom similar to those ppl that would die for a cause we bombed them and killed their leader  (savior)  idk man common sense tells me there were zero talks but idk [e]  im just a regular dude reading between the lines ,62,14,10,3,1,14,8,12,-0.698251,-0.213328,0
[e] it's wild when even the fox comments are like f*** Trump this is crazy,21,2,4,2,1,2,1,9,-0.856448,-0.371525,0
I am happy that Israel is getting hit. They deserve it for killing thousands of thousands of innocent people who had nothing to do with this war Israel hate Arabs and always will.,35,4,10,2,1,8,1,9,-0.939298,-0.454375,0
You could catch 95% of commenters with 1 sort of shiny object...,14,4,2,1,0,1,2,4,-0.023805,0.461118,0
Trump is an idiot,4,2,1,0,0,0,1,0,-0.835748,-0.350825,0
Oh no no more war. Im scared for my Gyoa,12,1,1,2,1,3,0,4,-0.890585,-0.405662,0
This fight is so stupid most of the storage bunkers are underground and spread out over a massive region,19,4,3,4,1,0,3,4,-0.906967,-0.422044,0
Iran has no interest in talks unless all US military bases and assets are totally annihilated in West Asia and Israeli state is dismantled,24,5,5,2,1,4,2,5,-0.78931,-0.304387,0
You shouldn't give them 5 minutes. Blow the whole country up.,14,2,3,1,0,2,2,4,-0.926755,-0.441832,0
Are we losing?,4,0,2,0,0,1,0,1,-0.290311,0.194612,0
Good thing the war has ended.........................That's what Trump said.,13,2,4,1,0,3,1,2,0.092508,0.577431,0
I want to see Israel razed to the ground & equal casualties just like they did to the defenseless Gaza and Palestinians.,23,2,4,2,1,5,2,7,-0.935118,-0.450195,0
iran strong country then india & pakistanus no longer super power!!!!!!!,18,2,0,2,3,3,0,8,-0.4065,0.078423,0
Here's what's going to happen:  5 day pause will result in IRGC and proxies reorganizing for more strikes.  The Islamic regime is crazy and is never truthful.  Do not trust the Iranians.,38,5,11,4,2,3,3,10,-0.901026,-0.416103,0
free the hostages [e],6,1,1,0,0,0,1,3,-0.029477,0.455446,0
This will be another iraq syria and afghanistan. Iranian shias country was only barrier for Sunni countries sharing borders and working together and uniting Sunni will take over Iran and than Arabs Sunni Persians and Pakistan and afghanistan will share borders once again after 500yrs. The Arab Afghani and Pakistan Sunni groups could than just walk into Isreal. Leading to insurgents entering Isreals. This is daft move by Isreal,73,12,15,3,5,16,3,19,-0.43507,0.049853,0
Sucks when the rabbit has the gun doesnt it?,11,3,2,0,0,1,2,3,-0.914052,-0.429129,0
1:30 keeps saying war is finished [e] that Iran is negotiating you voted in a liar.,19,2,7,0,0,2,2,6,-0.908771,-0.423848,0
No deal.  .blow Iran off the map.,9,2,0,0,0,1,2,4,-0.774922,-0.289999,0
I thought they had been obliterated militarily,7,0,4,0,1,2,0,0,-0.667734,-0.182811,0
Tens of Thousands of bombs and missiles and America still DIDINT win? You suck at wars,17,6,1,0,1,3,0,6,-0.946648,-0.461725,0
Save human lives over greediness . . .[e],9,2,1,1,0,0,0,5,-0.023128,0.461795,0
israel never let others to live in peace. pick the history n u ll see they start the war all them.,23,4,6,0,1,4,3,5,-0.894675,-0.409752,0
U fools the Israelis are criminals and terrorists fools,9,3,2,0,0,2,1,1,-0.906455,-0.421532,0
If they put troops on the ground midterms will be lost big time and a communist will be running the country in 2028,23,6,7,1,0,1,4,4,-0.870953,-0.38603,0
What deal ?  If iran really wanted a deal  They won't be sending missiles at Israel this needs to absolutely stop! Is ridiculous no one wins its only violence destruction  Innocent people are loosing their lives this conflict is unnecessary iran needs to actually make its final decision also the united state's.. bless our brave soldiers [e] risking there lives bless u all..,70,11,17,6,4,14,5,13,-0.880107,-0.395184,0
Most comments here are either from bots or morons.,10,3,1,1,2,0,0,3,-0.892854,-0.407931,0
Iranian shovels and washing machines are speaking for themselves [e],12,3,2,1,0,1,0,5,-0.124884,0.360039,0
[e][e][e][e][e]reminder Netanyahu how is it for you,8,1,1,0,0,3,0,3,0.004708,0.489631,0
Deal. BOOM,3,2,0,0,0,0,0,1,0.354221,0.839144,1
Lmao werent Gods chosen inbreds dropping JDAMS and phosphorus on hospitals and refugee camps for the better part of two years? Oh but now its a problem because big bad Iran decided to fight back instead of just surrendering its future to the Epstein class. Give me a break.,53,11,7,3,4,8,5,15,-0.909128,-0.424205,0
Straight up liars ruining the economy!!!,9,2,1,0,1,0,1,4,-0.932272,-0.447349,0
9000 is a misdemeanor100000 is a felony,7,1,2,0,0,1,3,0,-0.751569,-0.266646,0
I dont care what happens to israel. They deserve this,12,0,4,0,0,5,0,3,-0.750414,-0.265491,0
I DO NOT SUPPORT THIS WAR-  I AM JEWISH,9,0,3,2,0,3,0,1,-0.934465,-0.449542,0
Fox News do you remember  isnt replica of Gaza bombing to innocent children and innocent civilians? Gods justice Its tit for tat,24,8,3,2,0,5,0,6,-0.894734,-0.409811,0
Iran was underestimated  and got American and Israel running [e],12,0,4,1,0,2,0,5,-0.377779,0.107144,0
Cargo ships next sitting ducks in the perisan gulf,9,5,1,0,0,0,1,2,-0.119645,0.365278,0
Dipomats and head of states could be trusted but criminals like Zionist Nuclear criminal US and Arab dreaded dictators could not be trusted.They backstabbed two times during the talks,31,7,8,4,0,2,2,8,-0.858779,-0.373856,0
"What happened to Melania's "" Be best""?",10,0,2,1,0,2,0,5,-0.428256,0.056667,1
Epic F Duck[e][e][e],4,0,0,0,0,2,0,2,0.438371,0.923294,1
Im glad people arent buying any of this propaganda bs. Yall played your final hand in all of the misinformation and lies in the past and now we are not going for it again.,38,7,6,2,2,7,3,11,-0.87116,-0.386237,0
What happened to the peace talks lame stream lying media?!,12,4,3,0,0,1,1,3,-0.819919,-0.334996,0
Are we great yet?,5,0,1,1,1,1,0,1,0.172539,0.657462,0
When they started singing B[e]mb B[e]mb Tel Aviv there was no peace talk on the cards.,17,3,3,0,0,6,2,3,-0.813461,-0.328538,0
I thought cease fire? What happened,7,2,2,0,0,2,0,1,-0.317369,0.167554,0
Let yahoo fight his own war,6,1,2,1,0,2,0,0,-0.513252,-0.028329,0
Can Iran [e] do it againI was sleeping,10,0,4,0,0,3,0,3,-0.123236,0.361687,0
Some good news in all this,6,1,0,1,0,1,2,1,0.944438,1.429361,1
Nice,1,0,0,1,0,0,0,0,0.733185,1.218108,1
More to come  wait and watch this war start by your US administration and Iran will end this . [e][e][e],22,2,6,1,0,4,1,8,-0.767117,-0.282194,0
Fox is a propaganda channel. U keep on saying the numbers of those who are injured what about the deaths??,23,4,5,0,0,5,3,6,-0.910936,-0.426013,0
Let isrealis fight they're supposed threat too them !,10,1,4,0,1,3,0,1,-0.559093,-0.07417,0
Some one told me iranian men and women heading to US with their bom.,15,4,2,1,0,3,1,4,-0.039751,0.445172,0
How many fighter jets and ships have the Iranians destroyed...zero,12,3,2,1,0,1,2,3,-0.753682,-0.268759,0
times up Donny,3,1,0,0,0,1,0,1,-0.441214,0.043709,0
Maga where is Donald ?,5,0,1,0,0,2,0,2,-0.236349,0.248574,1
Israel bombing itself,3,0,1,0,0,2,0,0,-0.784385,-0.299462,0
Trump is ready to loose a lot to claim he won something.,13,2,4,1,0,2,1,3,-0.445935,0.038988,0
I'm really disappointed when iran  missiles are hitting roads instead of buildings,13,3,3,1,2,2,0,2,-0.90915,-0.424227,0
Trump talking to whom? Reza Pahlavi [e][e][e][e]. All of Iran leaders have died. Theres no way you can stop all these tiny unit unless you put 200k troops on the ground,37,5,8,1,0,9,4,10,-0.903144,-0.418221,0
[e][e][e][e][e]! Epic fear not going well. I hope IRAN [e] stick to their demands especially with US kicked out of the region entirely that they should not move from.,36,2,7,1,3,5,1,17,-0.867098,-0.382175,0
Looks like Iran is winning,5,0,3,0,0,1,0,1,0.378687,0.86361,0
Trump desperately looking for exit door.,7,2,2,0,1,0,0,2,-0.581846,-0.096923,0
